timestamp,cell,load1,load5,load15
12:45:33,session-start,10.50 10.03 9.77
12:45:33,publish-safe-start,10.50 10.03 9.77
12:45:34,publish-safe-end,10.50 10.03 9.77
12:45:34,publish-blind-start,10.50 10.03 9.77
12:45:35,publish-blind-end,10.50 10.03 9.77
12:45:35,publish-unsafe-start,10.50 10.03 9.77
12:45:36,publish-unsafe-end,10.50 10.03 9.77
12:45:36,consume-trynull-start,10.50 10.03 9.77
12:45:36,consume-trynull-end,9.90 9.91 9.73
12:45:36,consume-trynull-run2-start,9.90 9.91 9.73
12:45:37,consume-trynull-run2-end,9.90 9.91 9.73
12:45:37,consume-null-start,9.90 9.91 9.73
12:46:36,consume-null-end,8.95 9.70 9.67
12:46:36,consume-null-run2-start,8.95 9.70 9.67
12:47:35,consume-null-run2-end,5.71 8.67 9.29
12:47:35,consume-hot-fill1000-start,5.71 8.67 9.29
12:47:36,consume-hot-fill1000-end,5.71 8.67 9.29
12:47:36,consume-hot-fill1000-run2-start,5.71 8.67 9.29
12:47:36,consume-hot-fill1000-run2-end,5.73 8.63 9.27
12:47:36,consume-hot-fill1000-run3-start,5.73 8.63 9.27
12:47:37,consume-hot-fill1000-run3-end,5.73 8.63 9.27
12:47:37,consume-hot-fill1000-prefetch500-start,5.73 8.63 9.27
12:47:37,consume-hot-fill1000-prefetch500-end,5.73 8.63 9.27
12:47:37,consume-earlyack-fill5000-start,5.73 8.63 9.27
12:47:37,consume-earlyack-fill5000-end,5.73 8.63 9.27
12:47:37,consume-batch-fill5000-start,5.73 8.63 9.27
12:47:38,consume-batch-fill5000-end,5.73 8.63 9.27
12:47:38,session-end,5.73 8.63 9.27
12:47:58,consume-hot-fill1000-rerun-start,7.44 8.82 9.32
12:47:58,consume-hot-fill1000-rerun-end,7.44 8.82 9.32
12:47:58,consume-hot-fill1000-run2-rerun-start,7.44 8.82 9.32
12:47:59,consume-hot-fill1000-run2-rerun-end,7.44 8.82 9.32
12:47:59,consume-hot-fill1000-run3-rerun-start,7.44 8.82 9.32
12:47:59,consume-hot-fill1000-run3-rerun-end,7.44 8.82 9.32
12:47:59,consume-earlyack-rerun-start,7.44 8.82 9.32
12:47:59,consume-earlyack-rerun-end,7.44 8.82 9.32
12:47:59,consume-batch-rerun-start,7.44 8.82 9.32
12:48:00,consume-batch-rerun-end,7.44 8.82 9.32
